기관대분류,최상위기관,기관명,전체기관명,총계,공개장소,비공개장소,공개장소 소계,범죄예방,시설안전 및 화재예방,교통단속,교통정보수집 분석 및 제공
국가행정기관,감사원,감사원,감사원,75,6,69,6,0,6,0,0
국가행정기관,감사원,감사교육원,감사원 감사교육원,28,28,0,28,0,28,0,0
국가행정기관,경제사회노동위원회,경제사회노동위원회,경제사회노동위원회,2,2,0,2,0,2,0,0
국가행정기관,경찰청,경찰청,경찰청,288,248,40,248,3,245,0,0
국가행정기관,경찰청,강원도지방경찰청,경찰청 강원도지방경찰청,1148,1103,45,1103,0,184,919,0
국가행정기관,경찰청,강릉경찰서,경찰청 강원도지방경찰청 강릉경찰서,98,69,29,69,0,69,0,0
국가행정기관,경찰청,고성경찰서,경찰청 강원도지방경찰청 고성경찰서,58,58,0,58,19,39,0,0
국가행정기관,경찰청,동해경찰서,경찰청 강원도지방경찰청 동해경찰서,119,81,38,81,0,81,0,0
국가행정기관,경찰청,삼척경찰서,경찰청 강원도지방경찰청 삼척경찰서,87,68,19,68,0,68,0,0
국가행정기관,경찰청,속초경찰서,경찰청 강원도지방경찰청 속초경찰서,103,65,38,65,0,65,0,0
국가행정기관,경찰청,양구경찰서,경찰청 강원도지방경찰청 양구경찰서,50,41,9,41,0,41,0,0
국가행정기관,경찰청,영월경찰서,경찰청 강원도지방경찰청 영월경찰서,70,48,22,48,0,48,0,0
국가행정기관,경찰청,원주경찰서,경찰청 강원도지방경찰청 원주경찰서,173,101,72,101,0,101,0,0
국가행정기관,경찰청,인제경찰서,경찰청 강원도지방경찰청 인제경찰서,51,47,4,47,0,47,0,0
국가행정기관,경찰청,정선경찰서,경찰청 강원도지방경찰청 정선경찰서,57,53,4,53,9,44,0,0
국가행정기관,경찰청,철원경찰서,경찰청 강원도지방경찰청 철원경찰서,59,49,10,49,0,49,0,0
국가행정기관,경찰청,춘천경찰서,경찰청 강원도지방경찰청 춘천경찰서,150,94,56,94,0,94,0,0
국가행정기관,경찰청,태백경찰서,경찰청 강원도지방경찰청 태백경찰서,66,42,24,42,0,42,0,0
국가행정기관,경찰청,평창경찰서,경찰청 강원도지방경찰청 평창경찰서,59,51,8,51,0,51,0,0
국가행정기관,경찰청,홍천경찰서,경찰청 강원도지방경찰청 홍천경찰서,118,76,42,76,0,76,0,0
국가행정기관,경찰청,화천경찰서,경찰청 강원도지방경찰청 화천경찰서,53,39,14,39,0,39,0,0
국가행정기관,경찰청,횡성경찰서,경찰청 강원도지방경찰청 횡성경찰서,78,65,13,65,0,65,0,0
국가행정기관,경찰청,경기도남부경찰청,경찰청 경기도남부경찰청,3107,2712,395,2712,0,12,2700,0
국가행정기관,경찰청,과천경찰서,경찰청 경기도남부경찰청 과천경찰서,68,18,50,18,0,18,0,0
국가행정기관,경찰청,광명경찰서,경찰청 경기도남부경찰청 광명경찰서,96,57,39,57,0,57,0,0
국가행정기관,경찰청,광주경찰서,경찰청 경기도남부경찰청 광주경찰서,121,76,45,76,0,76,0,0
국가행정기관,경찰청,군포경찰서,경찰청 경기도남부경찰청 군포경찰서,99,50,49,50,0,50,0,0
국가행정기관,경찰청,김포경찰서,경찰청 경기도남부경찰청 김포경찰서,177,123,54,123,0,123,0,0
국가행정기관,경찰청,부천소사경찰서,경찰청 경기도남부경찰청 부천소사경찰서,130,56,74,56,0,56,0,0
국가행정기관,경찰청,부천오정경찰서,경찰청 경기도남부경찰청 부천오정경찰서,147,109,38,109,0,109,0,0
국가행정기관,경찰청,부천원미경찰서,경찰청 경기도남부경찰청 부천원미경찰서,203,87,116,87,0,87,0,0
국가행정기관,경찰청,분당경찰서,경찰청 경기도남부경찰청 분당경찰서,191,53,138,53,8,45,0,0
국가행정기관,경찰청,성남수정경찰서,경찰청 경기도남부경찰청 성남수정경찰서,160,83,77,83,0,83,0,0
국가행정기관,경찰청,성남중원경찰서,경찰청 경기도남부경찰청 성남중원경찰서,108,38,70,38,2,36,0,0
국가행정기관,경찰청,수원남부경찰서,경찰청 경기도남부경찰청 수원남부경찰서,157,129,28,129,38,91,0,0
국가행정기관,경찰청,수원서부경찰서,경찰청 경기도남부경찰청 수원서부경찰서,147,95,52,95,0,95,0,0
국가행정기관,경찰청,수원중부경찰서,경찰청 경기도남부경찰청 수원중부경찰서,148,104,44,104,104,0,0,0
국가행정기관,경찰청,시흥경찰서,경찰청 경기도남부경찰청 시흥경찰서,193,106,87,106,0,106,0,0
국가행정기관,경찰청,안산단원경찰서,경찰청 경기도남부경찰청 안산단원경찰서,151,87,64,87,0,87,0,0
국가행정기관,경찰청,안산상록경찰서,경찰청 경기도남부경찰청 안산상록경찰서,193,83,110,83,0,83,0,0
국가행정기관,경찰청,안성경찰서,경찰청 경기도남부경찰청 안성경찰서,111,63,48,63,0,63,0,0
국가행정기관,경찰청,안양동안경찰서,경찰청 경기도남부경찰청 안양동안경찰서,141,76,65,76,0,76,0,0
국가행정기관,경찰청,안양만안경찰서,경찰청 경기도남부경찰청 안양만안경찰서,115,82,33,82,0,82,0,0
국가행정기관,경찰청,양평경찰서,경찰청 경기도남부경찰청 양평경찰서,98,74,24,74,0,74,0,0
국가행정기관,경찰청,여주경찰서,경찰청 경기도남부경찰청 여주경찰서,94,67,27,67,0,67,0,0
국가행정기관,경찰청,오산경찰서,경찰청 경기도남부경찰청 오산경찰서,125,50,75,50,0,50,0,0
국가행정기관,경찰청,용인동부경찰서,경찰청 경기도남부경찰청 용인동부경찰서,212,101,111,101,9,92,0,0
국가행정기관,경찰청,용인서부경찰서,경찰청 경기도남부경찰청 용인서부경찰서,121,47,74,47,0,47,0,0
국가행정기관,경찰청,의왕경찰서,경찰청 경기도남부경찰청 의왕경찰서,175,116,59,116,0,116,0,0
국가행정기관,경찰청,이천경찰서,경찰청 경기도남부경찰청 이천경찰서,184,169,15,169,0,169,0,0
국가행정기관,경찰청,평택경찰서,경찰청 경기도남부경찰청 평택경찰서,164,89,75,89,0,89,0,0
국가행정기관,경찰청,하남경찰서,경찰청 경기도남부경찰청 하남경찰서,147,110,37,110,0,110,0,0
국가행정기관,경찰청,화성동탄경찰서,경찰청 경기도남부경찰청 화성동탄경찰서,158,104,54,104,0,104,0,0
국가행정기관,경찰청,화성서부경찰서,경찰청 경기도남부경찰청 화성서부경찰서,150,122,28,122,26,96,0,0
국가행정기관,경찰청,경기도북부지방경찰청,경찰청 경기도북부지방경찰청,1181,1147,34,1147,0,111,220,816
국가행정기관,경찰청,가평경찰서,경찰청 경기도북부지방경찰청 가평경찰서,58,37,21,37,0,37,0,0
국가행정기관,경찰청,고양경찰서,경찰청 경기도북부지방경찰청 고양경찰서,132,75,57,75,0,75,0,0
국가행정기관,경찰청,구리경찰서,경찰청 경기도북부지방경찰청 구리경찰서,101,61,40,61,0,61,0,0
국가행정기관,경찰청,남양주남부경찰서,경찰청 경기도북부지방경찰청 남양주남부경찰서,225,119,106,119,0,119,0,0
국가행정기관,경찰청,남양주북부경찰서,경찰청 경기도북부지방경찰청 남양주북부경찰서,153,112,41,112,0,112,0,0
국가행정기관,경찰청,동두천경찰서,경찰청 경기도북부지방경찰청 동두천경찰서,81,56,25,56,0,56,0,0
국가행정기관,경찰청,양주경찰서,경찰청 경기도북부지방경찰청 양주경찰서,113,71,42,71,0,71,0,0
국가행정기관,경찰청,연천경찰서,경찰청 경기도북부지방경찰청 연천경찰서,55,45,10,45,0,45,0,0
국가행정기관,경찰청,의정부경찰서,경찰청 경기도북부지방경찰청 의정부경찰서,177,107,70,107,0,107,0,0
국가행정기관,경찰청,일산동부경찰서,경찰청 경기도북부지방경찰청 일산동부경찰서,146,60,86,60,0,60,0,0
국가행정기관,경찰청,일산서부경찰서,경찰청 경기도북부지방경찰청 일산서부경찰서,99,63,36,63,0,63,0,0
국가행정기관,경찰청,파주경찰서,경찰청 경기도북부지방경찰청 파주경찰서,140,68,72,68,0,68,0,0
국가행정기관,경찰청,포천경찰서,경찰청 경기도북부지방경찰청 포천경찰서,103,74,29,74,0,74,0,0
국가행정기관,경찰청,경상남도지방경찰청,경찰청 경상남도지방경찰청,1436,1181,255,1181,0,46,1135,0
국가행정기관,경찰청,거제경찰서,경찰청 경상남도지방경찰청 거제경찰서,97,69,28,69,0,69,0,0
국가행정기관,경찰청,거창경찰서,경찰청 경상남도지방경찰청 거창경찰서,108,76,32,76,0,76,0,0
국가행정기관,경찰청,고성경찰서,경찰청 경상남도지방경찰청 고성경찰서,101,68,33,68,0,68,0,0
국가행정기관,경찰청,김해서부경찰서,경찰청 경상남도지방경찰청 김해서부경찰서,130,98,32,98,0,98,0,0
국가행정기관,경찰청,김해중부경찰서,경찰청 경상남도지방경찰청 김해중부경찰서,119,74,45,74,0,74,0,0
국가행정기관,경찰청,남해경찰서,경찰청 경상남도지방경찰청 남해경찰서,59,41,18,41,0,41,0,0
국가행정기관,경찰청,마산동부경찰서,경찰청 경상남도지방경찰청 마산동부경찰서,157,53,104,53,0,53,0,0
국가행정기관,경찰청,마산중부경찰서,경찰청 경상남도지방경찰청 마산중부경찰서,75,51,24,51,0,51,0,0
국가행정기관,경찰청,밀양경찰서,경찰청 경상남도지방경찰청 밀양경찰서,122,45,77,45,0,45,0,0
국가행정기관,경찰청,사천경찰서,경찰청 경상남도지방경찰청 사천경찰서,113,79,34,79,0,79,0,0
국가행정기관,경찰청,산청경찰서,경찰청 경상남도지방경찰청 산청경찰서,77,59,18,59,0,59,0,0
국가행정기관,경찰청,양산경찰서,경찰청 경상남도지방경찰청 양산경찰서,176,58,118,58,0,58,0,0
국가행정기관,경찰청,의령경찰서,경찰청 경상남도지방경찰청 의령경찰서,81,72,9,72,0,72,0,0
국가행정기관,경찰청,진주경찰서,경찰청 경상남도지방경찰청 진주경찰서,182,98,84,98,0,98,0,0
국가행정기관,경찰청,진해경찰서,경찰청 경상남도지방경찰청 진해경찰서,113,86,27,86,0,86,0,0
국가행정기관,경찰청,창녕경찰서,경찰청 경상남도지방경찰청 창녕경찰서,97,61,36,61,0,61,0,0
국가행정기관,경찰청,창원서부경찰서,경찰청 경상남도지방경찰청 창원서부경찰서,122,63,59,63,0,63,0,0
국가행정기관,경찰청,창원중부경찰서,경찰청 경상남도지방경찰청 창원중부경찰서,144,59,85,59,0,59,0,0
국가행정기관,경찰청,통영경찰서,경찰청 경상남도지방경찰청 통영경찰서,113,71,42,71,0,71,0,0
국가행정기관,경찰청,하동경찰서,경찰청 경상남도지방경찰청 하동경찰서,77,53,24,53,0,53,0,0
국가행정기관,경찰청,함안경찰서,경찰청 경상남도지방경찰청 함안경찰서,82,55,27,55,0,55,0,0
국가행정기관,경찰청,함양경찰서,경찰청 경상남도지방경찰청 함양경찰서,79,79,0,79,20,59,0,0
국가행정기관,경찰청,합천경찰서,경찰청 경상남도지방경찰청 합천경찰서,120,94,26,94,0,94,0,0
국가행정기관,경찰청,경상북도지방경찰청,경찰청 경상북도지방경찰청,595,501,94,501,0,309,192,0
국가행정기관,경찰청,경산경찰서,경찰청 경상북도지방경찰청 경산경찰서,241,180,61,180,0,65,115,0
국가행정기관,경찰청,경주경찰서,경찰청 경상북도지방경찰청 경주경찰서,304,267,37,267,0,117,150,0
국가행정기관,경찰청,고령경찰서,경찰청 경상북도지방경찰청 고령경찰서,94,87,7,87,0,59,28,0
국가행정기관,경찰청,구미경찰서,경찰청 경상북도지방경찰청 구미경찰서,371,293,78,293,0,151,142,0
국가행정기관,경찰청,군위경찰서,경찰청 경상북도지방경찰청 군위경찰서,75,55,20,55,0,31,24,0
국가행정기관,경찰청,김천경찰서,경찰청 경상북도지방경찰청 김천경찰서,277,219,58,219,0,127,92,0
국가행정기관,경찰청,문경경찰서,경찰청 경상북도지방경찰청 문경경찰서,168,138,30,138,0,84,54,0
국가행정기관,경찰청,봉화경찰서,경찰청 경상북도지방경찰청 봉화경찰서,90,83,7,83,0,61,22,0
국가행정기관,경찰청,상주경찰서,경찰청 경상북도지방경찰청 상주경찰서,208,185,23,185,0,115,70,0
국가행정기관,경찰청,성주경찰서,경찰청 경상북도지방경찰청 성주경찰서,119,93,26,93,0,61,32,0
국가행정기관,경찰청,안동경찰서,경찰청 경상북도지방경찰청 안동경찰서,209,173,36,173,0,106,67,0
국가행정기관,경찰청,영덕경찰서,경찰청 경상북도지방경찰청 영덕경찰서,63,42,21,42,0,33,9,0
국가행정기관,경찰청,영양경찰서,경찰청 경상북도지방경찰청 영양경찰서,69,60,9,60,0,35,25,0
국가행정기관,경찰청,영주경찰서,경찰청 경상북도지방경찰청 영주경찰서,189,154,35,154,0,112,42,0
국가행정기관,경찰청,영천경찰서,경찰청 경상북도지방경찰청 영천경찰서,164,149,15,149,0,91,58,0
국가행정기관,경찰청,예천경찰서,경찰청 경상북도지방경찰청 예천경찰서,137,121,16,121,0,76,45,0
국가행정기관,경찰청,울릉경찰서,경찰청 경상북도지방경찰청 울릉경찰서,31,22,9,22,0,22,0,0
국가행정기관,경찰청,울진경찰서,경찰청 경상북도지방경찰청 울진경찰서,96,85,11,85,0,49,36,0
국가행정기관,경찰청,의성경찰서,경찰청 경상북도지방경찰청 의성경찰서,206,180,26,180,0,119,61,0
국가행정기관,경찰청,청도경찰서,경찰청 경상북도지방경찰청 청도경찰서,108,83,25,83,0,58,25,0
국가행정기관,경찰청,청송경찰서,경찰청 경상북도지방경찰청 청송경찰서,102,85,17,85,0,61,24,0
국가행정기관,경찰청,칠곡경찰서,경찰청 경상북도지방경찰청 칠곡경찰서,177,131,46,131,0,61,70,0
국가행정기관,경찰청,포항남부경찰서,경찰청 경상북도지방경찰청 포항남부경찰서,284,235,49,235,0,139,96,0
국가행정기관,경찰청,포항북부경찰서,경찰청 경상북도지방경찰청 포항북부경찰서,288,227,61,227,0,137,90,0
국가행정기관,경찰청,경찰대학,경찰청 경찰대학,295,96,199,96,0,96,0,0
국가행정기관,경찰청,경찰병원,경찰청 경찰병원,206,206,0,206,0,206,0,0
국가행정기관,경찰청,경찰수사연수원,경찰청 경찰수사연수원,74,74,0,74,0,74,0,0
국가행정기관,경찰청,경찰인재개발원,경찰청 경찰인재개발원,129,55,74,55,0,55,0,0
국가행정기관,경찰청,광주광역시지방경찰청,경찰청 광주광역시지방경찰청,701,542,159,542,0,32,510,0
국가행정기관,경찰청,광주광산경찰서,경찰청 광주광역시지방경찰청 광주광산경찰서,69,69,0,69,0,69,0,0
국가행정기관,경찰청,광주남부경찰서,경찰청 광주광역시지방경찰청 광주남부경찰서,100,44,56,44,0,44,0,0
국가행정기관,경찰청,광주동부경찰서,경찰청 광주광역시지방경찰청 광주동부경찰서,65,31,34,31,0,31,0,0
국가행정기관,경찰청,광주북부경찰서,경찰청 광주광역시지방경찰청 광주북부경찰서,140,76,64,76,0,76,0,0
국가행정기관,경찰청,광주서부경찰서,경찰청 광주광역시지방경찰청 광주서부경찰서,154,64,90,64,0,64,0,0
국가행정기관,경찰청,대구광역시지방경찰청,경찰청 대구광역시지방경찰청,920,712,208,712,0,10,702,0
국가행정기관,경찰청,대구강북경찰서,경찰청 대구광역시지방경찰청 대구강북경찰서,161,47,114,47,47,0,0,0
국가행정기관,경찰청,대구남부경찰서,경찰청 대구광역시지방경찰청 대구남부경찰서,124,57,67,57,0,57,0,0
국가행정기관,경찰청,대구달서경찰서,경찰청 대구광역시지방경찰청 대구달서경찰서,134,65,69,65,0,65,0,0
국가행정기관,경찰청,대구달성경찰서,경찰청 대구광역시지방경찰청 대구달성경찰서,96,68,28,68,0,68,0,0
국가행정기관,경찰청,대구동부경찰서,경찰청 대구광역시지방경찰청 대구동부경찰서,213,146,67,146,0,146,0,0
국가행정기관,경찰청,대구북부경찰서,경찰청 대구광역시지방경찰청 대구북부경찰서,120,65,55,65,0,65,0,0
국가행정기관,경찰청,대구서부경찰서,경찰청 대구광역시지방경찰청 대구서부경찰서,162,54,108,54,0,54,0,0
국가행정기관,경찰청,대구성서경찰서,경찰청 대구광역시지방경찰청 대구성서경찰서,159,52,107,52,0,52,0,0
국가행정기관,경찰청,대구수성경찰서,경찰청 대구광역시지방경찰청 대구수성경찰서,167,97,70,97,0,97,0,0
국가행정기관,경찰청,대구중부경찰서,경찰청 대구광역시지방경찰청 대구중부경찰서,118,57,61,57,0,57,0,0
국가행정기관,경찰청,대전광역시지방경찰청,경찰청 대전광역시지방경찰청,796,624,172,624,0,13,611,0
국가행정기관,경찰청,대전대덕경찰서,경찰청 대전광역시지방경찰청 대전대덕경찰서,92,34,58,34,0,34,0,0
국가행정기관,경찰청,대전동부경찰서,경찰청 대전광역시지방경찰청 대전동부경찰서,187,115,72,115,0,115,0,0
국가행정기관,경찰청,대전둔산경찰서,경찰청 대전광역시지방경찰청 대전둔산경찰서,132,62,70,62,0,62,0,0
국가행정기관,경찰청,대전서부경찰서,경찰청 대전광역시지방경찰청 대전서부경찰서,96,49,47,49,0,49,0,0
국가행정기관,경찰청,대전유성경찰서,경찰청 대전광역시지방경찰청 대전유성경찰서,172,122,50,122,0,122,0,0
국가행정기관,경찰청,대전중부경찰서,경찰청 대전광역시지방경찰청 대전중부경찰서,115,70,45,70,0,70,0,0
국가행정기관,경찰청,도로교통공단,경찰청 도로교통공단,1429,1328,101,1328,186,1142,0,0
국가행정기관,경찰청,부산광역시경찰청,경찰청 부산광역시경찰청,1504,1170,334,1170,0,37,1133,0
국가행정기관,경찰청,부산강서경찰서,경찰청 부산광역시경찰청 부산강서경찰서,112,59,53,59,0,59,0,0
국가행정기관,경찰청,부산금정경찰서,경찰청 부산광역시경찰청 부산금정경찰서,97,60,37,60,0,60,0,0
국가행정기관,경찰청,부산기장경찰서,경찰청 부산광역시경찰청 부산기장경찰서,109,25,84,25,0,25,0,0
국가행정기관,경찰청,부산남부경찰서,경찰청 부산광역시경찰청 부산남부경찰서,214,96,118,96,0,96,0,0
국가행정기관,경찰청,부산동래경찰서,경찰청 부산광역시경찰청 부산동래경찰서,173,86,87,86,0,86,0,0
국가행정기관,경찰청,부산동부경찰서,경찰청 부산광역시경찰청 부산동부경찰서,97,57,40,57,0,57,0,0
국가행정기관,경찰청,부산북부경찰서,경찰청 부산광역시경찰청 부산북부경찰서,134,56,78,56,0,56,0,0
국가행정기관,경찰청,부산사상경찰서,경찰청 부산광역시경찰청 부산사상경찰서,148,68,80,68,0,68,0,0
국가행정기관,경찰청,부산사하경찰서,경찰청 부산광역시경찰청 부산사하경찰서,147,78,69,78,0,78,0,0
국가행정기관,경찰청,부산서부경찰서,경찰청 부산광역시경찰청 부산서부경찰서,104,43,61,43,0,43,0,0
국가행정기관,경찰청,부산연제경찰서,경찰청 부산광역시경찰청 부산연제경찰서,167,61,106,61,0,61,0,0
국가행정기관,경찰청,부산영도경찰서,경찰청 부산광역시경찰청 부산영도경찰서,85,52,33,52,0,52,0,0
국가행정기관,경찰청,부산중부경찰서,경찰청 부산광역시경찰청 부산중부경찰서,67,40,27,40,0,40,0,0
국가행정기관,경찰청,부산진경찰서,경찰청 부산광역시경찰청 부산진경찰서,220,117,103,117,0,117,0,0
국가행정기관,경찰청,부산해운대경찰서,경찰청 부산광역시경찰청 부산해운대경찰서,152,73,79,73,0,73,0,0
국가행정기관,경찰청,서울특별시지방경찰청,경찰청 서울특별시지방경찰청,2528,1905,623,1905,0,127,1778,0
국가행정기관,경찰청,1기동대,경찰청 서울특별시지방경찰청 1기동대,19,0,19,0,0,0,0,0
국가행정기관,경찰청,202경비대,경찰청 서울특별시지방경찰청 202경비대,43,0,43,0,0,0,0,0
국가행정기관,경찰청,22경찰경호대,경찰청 서울특별시지방경찰청 22경찰경호대,12,0,12,0,0,0,0,0
국가행정기관,경찰청,2기동대,경찰청 서울특별시지방경찰청 2기동대,58,0,58,0,0,0,0,0
국가행정기관,경찰청,3기동대,경찰청 서울특별시지방경찰청 3기동대,68,3,65,3,0,3,0,0
국가행정기관,경찰청,4기동대,경찰청 서울특별시지방경찰청 4기동대,41,0,41,0,0,0,0,0
국가행정기관,경찰청,5기동대,경찰청 서울특별시지방경찰청 5기동대,56,0,56,0,0,0,0,0
국가행정기관,경찰청,6기동대,경찰청 서울특별시지방경찰청 6기동대,17,0,17,0,0,0,0,0
국가행정기관,경찰청,7기동대,경찰청 서울특별시지방경찰청 7기동대,12,0,12,0,0,0,0,0
국가행정기관,경찰청,8기동대,경찰청 서울특별시지방경찰청 8기동대,28,0,28,0,0,0,0,0
국가행정기관,경찰청,경찰특공대,경찰청 서울특별시지방경찰청 경찰특공대,30,21,9,21,0,21,0,0
국가행정기관,경찰청,국회경비대,경찰청 서울특별시지방경찰청 국회경비대,11,0,11,0,0,0,0,0
국가행정기관,경찰청,기동단,경찰청 서울특별시지방경찰청 기동단,19,0,19,0,0,0,0,0
국가행정기관,경찰청,김포공항경찰대,경찰청 서울특별시지방경찰청 김포공항경찰대,5,0,5,0,0,0,0,0
국가행정기관,경찰청,서울강남경찰서,경찰청 서울특별시지방경찰청 서울강남경찰서,277,79,198,79,0,79,0,0
국가행정기관,경찰청,서울강동경찰서,경찰청 서울특별시지방경찰청 서울강동경찰서,245,53,192,53,0,53,0,0
국가행정기관,경찰청,서울강북경찰서,경찰청 서울특별시지방경찰청 서울강북경찰서,142,86,56,86,0,86,0,0
국가행정기관,경찰청,서울강서경찰서,경찰청 서울특별시지방경찰청 서울강서경찰서,273,177,96,177,0,177,0,0
국가행정기관,경찰청,서울관악경찰서,경찰청 서울특별시지방경찰청 서울관악경찰서,181,102,79,102,0,102,0,0
국가행정기관,경찰청,서울광진경찰서,경찰청 서울특별시지방경찰청 서울광진경찰서,238,127,111,127,0,127,0,0
국가행정기관,경찰청,서울구로경찰서,경찰청 서울특별시지방경찰청 서울구로경찰서,144,88,56,88,0,88,0,0
국가행정기관,경찰청,서울금천경찰서,경찰청 서울특별시지방경찰청 서울금천경찰서,202,57,145,57,0,57,0,0
국가행정기관,경찰청,서울남대문경찰서,경찰청 서울특별시지방경찰청 서울남대문경찰서,117,26,91,26,0,26,0,0
국가행정기관,경찰청,서울노원경찰서,경찰청 서울특별시지방경찰청 서울노원경찰서,140,72,68,72,0,72,0,0
국가행정기관,경찰청,서울도봉경찰서,경찰청 서울특별시지방경찰청 서울도봉경찰서,149,41,108,41,0,41,0,0
국가행정기관,경찰청,서울동대문경찰서,경찰청 서울특별시지방경찰청 서울동대문경찰서,201,116,85,116,0,116,0,0
국가행정기관,경찰청,서울동작경찰서,경찰청 서울특별시지방경찰청 서울동작경찰서,133,76,57,76,0,76,0,0
국가행정기관,경찰청,서울마포경찰서,경찰청 서울특별시지방경찰청 서울마포경찰서,180,98,82,98,12,86,0,0
국가행정기관,경찰청,서울방배경찰서,경찰청 서울특별시지방경찰청 서울방배경찰서,77,46,31,46,0,46,0,0
국가행정기관,경찰청,서울서대문경찰서,경찰청 서울특별시지방경찰청 서울서대문경찰서,139,47,92,47,0,47,0,0
국가행정기관,경찰청,서울서부경찰서,경찰청 서울특별시지방경찰청 서울서부경찰서,190,53,137,53,0,53,0,0
국가행정기관,경찰청,서울서초경찰서,경찰청 서울특별시지방경찰청 서울서초경찰서,181,88,93,88,0,88,0,0
국가행정기관,경찰청,서울성동경찰서,경찰청 서울특별시지방경찰청 서울성동경찰서,153,68,85,68,0,68,0,0
국가행정기관,경찰청,서울성북경찰서,경찰청 서울특별시지방경찰청 서울성북경찰서,164,97,67,97,0,97,0,0
국가행정기관,경찰청,서울송파경찰서,경찰청 서울특별시지방경찰청 서울송파경찰서,232,159,73,159,0,159,0,0
국가행정기관,경찰청,서울수서경찰서,경찰청 서울특별시지방경찰청 서울수서경찰서,191,62,129,62,0,62,0,0
국가행정기관,경찰청,서울양천경찰서,경찰청 서울특별시지방경찰청 서울양천경찰서,146,57,89,57,0,57,0,0
국가행정기관,경찰청,서울영등포경찰서,경찰청 서울특별시지방경찰청 서울영등포경찰서,150,81,69,81,0,81,0,0
국가행정기관,경찰청,서울용산경찰서,경찰청 서울특별시지방경찰청 서울용산경찰서,144,57,87,57,0,57,0,0
국가행정기관,경찰청,서울은평경찰서,경찰청 서울특별시지방경찰청 서울은평경찰서,152,95,57,95,0,95,0,0
국가행정기관,경찰청,서울종로경찰서,경찰청 서울특별시지방경찰청 서울종로경찰서,167,76,91,76,0,76,0,0
국가행정기관,경찰청,서울종암경찰서,경찰청 서울특별시지방경찰청 서울종암경찰서,107,70,37,70,0,70,0,0
국가행정기관,경찰청,서울중랑경찰서,경찰청 서울특별시지방경찰청 서울중랑경찰서,211,126,85,126,0,126,0,0
국가행정기관,경찰청,서울중부경찰서,경찰청 서울특별시지방경찰청 서울중부경찰서,83,42,41,42,0,42,0,0
국가행정기관,경찰청,서울혜화경찰서,경찰청 서울특별시지방경찰청 서울혜화경찰서,101,77,24,77,0,77,0,0
국가행정기관,경찰청,세종특별자치시경찰청,경찰청 세종특별자치시경찰청,69,2,67,2,0,2,0,0
국가행정기관,경찰청,세종남부경찰서,경찰청 세종특별자치시경찰청 세종남부경찰서,149,28,121,28,0,28,0,0
국가행정기관,경찰청,세종북부경찰서,경찰청 세종특별자치시경찰청 세종북부경찰서,66,31,35,31,0,31,0,0
국가행정기관,경찰청,울산광역시경찰청,경찰청 울산광역시경찰청,961,851,110,851,0,36,815,0
국가행정기관,경찰청,울산남부경찰서,경찰청 울산광역시경찰청 울산남부경찰서,174,101,73,101,0,101,0,0
국가행정기관,경찰청,울산동부경찰서,경찰청 울산광역시경찰청 울산동부경찰서,127,52,75,52,0,52,0,0
국가행정기관,경찰청,울산북부경찰서,경찰청 울산광역시경찰청 울산북부경찰서,126,47,79,47,0,47,0,0
국가행정기관,경찰청,울산울주경찰서,경찰청 울산광역시경찰청 울산울주경찰서,134,133,1,133,0,133,0,0
국가행정기관,경찰청,울산중부경찰서,경찰청 울산광역시경찰청 울산중부경찰서,136,67,69,67,0,67,0,0
국가행정기관,경찰청,인천광역시지방경찰청,경찰청 인천광역시지방경찰청,1340,983,357,983,0,48,935,0
국가행정기관,경찰청,인천강화경찰서,경찰청 인천광역시지방경찰청 인천강화경찰서,108,45,63,45,0,45,0,0
국가행정기관,경찰청,인천계양경찰서,경찰청 인천광역시지방경찰청 인천계양경찰서,117,63,54,63,0,63,0,0
국가행정기관,경찰청,인천국제공항경찰단,경찰청 인천광역시지방경찰청 인천국제공항경찰단,49,4,45,4,0,4,0,0
국가행정기관,경찰청,인천남동경찰서,경찰청 인천광역시지방경찰청 인천남동경찰서,116,57,59,57,0,57,0,0
국가행정기관,경찰청,인천논현경찰서,경찰청 인천광역시지방경찰청 인천논현경찰서,154,36,118,36,0,36,0,0
국가행정기관,경찰청,인천미추홀경찰서,경찰청 인천광역시지방경찰청 인천미추홀경찰서,204,72,132,72,0,72,0,0
국가행정기관,경찰청,인천부평경찰서,경찰청 인천광역시지방경찰청 인천부평경찰서,112,66,46,66,0,66,0,0
국가행정기관,경찰청,인천삼산경찰서,경찰청 인천광역시지방경찰청 인천삼산경찰서,173,62,111,62,0,62,0,0
국가행정기관,경찰청,인천서부경찰서,경찰청 인천광역시지방경찰청 인천서부경찰서,234,80,154,80,0,80,0,0
국가행정기관,경찰청,인천연수경찰서,경찰청 인천광역시지방경찰청 인천연수경찰서,130,42,88,42,0,42,0,0
국가행정기관,경찰청,인천중부경찰서,경찰청 인천광역시지방경찰청 인천중부경찰서,166,111,55,111,0,111,0,0
국가행정기관,경찰청,전라남도경찰청,경찰청 전라남도경찰청,1701,1654,47,1654,0,220,1434,0
국가행정기관,경찰청,강진경찰서,경찰청 전라남도경찰청 강진경찰서,60,47,13,47,0,47,0,0
국가행정기관,경찰청,고흥경찰서,경찰청 전라남도경찰청 고흥경찰서,125,93,32,93,0,93,0,0
국가행정기관,경찰청,곡성경찰서,경찰청 전라남도경찰청 곡성경찰서,60,53,7,53,0,53,0,0
국가행정기관,경찰청,광양경찰서,경찰청 전라남도경찰청 광양경찰서,98,68,30,68,0,68,0,0
국가행정기관,경찰청,구례경찰서,경찰청 전라남도경찰청 구례경찰서,74,58,16,58,0,58,0,0
국가행정기관,경찰청,나주경찰서,경찰청 전라남도경찰청 나주경찰서,101,72,29,72,0,72,0,0
국가행정기관,경찰청,담양경찰서,경찰청 전라남도경찰청 담양경찰서,79,67,12,67,0,67,0,0
국가행정기관,경찰청,목포경찰서,경찰청 전라남도경찰청 목포경찰서,389,292,97,292,0,292,0,0
국가행정기관,경찰청,무안경찰서,경찰청 전라남도경찰청 무안경찰서,94,71,23,71,0,71,0,0
국가행정기관,경찰청,보성경찰서,경찰청 전라남도경찰청 보성경찰서,99,80,19,80,0,80,0,0
국가행정기관,경찰청,순천경찰서,경찰청 전라남도경찰청 순천경찰서,226,148,78,148,0,148,0,0
국가행정기관,경찰청,여수경찰서,경찰청 전라남도경찰청 여수경찰서,253,191,62,191,0,191,0,0
국가행정기관,경찰청,영광경찰서,경찰청 전라남도경찰청 영광경찰서,78,58,20,58,0,58,0,0
국가행정기관,경찰청,영암경찰서,경찰청 전라남도경찰청 영암경찰서,76,63,13,63,0,63,0,0
국가행정기관,경찰청,완도경찰서,경찰청 전라남도경찰청 완도경찰서,97,83,14,83,0,83,0,0
국가행정기관,경찰청,장성경찰서,경찰청 전라남도경찰청 장성경찰서,65,52,13,52,0,52,0,0
국가행정기관,경찰청,장흥경찰서,경찰청 전라남도경찰청 장흥경찰서,71,57,14,57,0,57,0,0
국가행정기관,경찰청,진도경찰서,경찰청 전라남도경찰청 진도경찰서,78,60,18,60,0,60,0,0
국가행정기관,경찰청,함평경찰서,경찰청 전라남도경찰청 함평경찰서,66,51,15,51,0,51,0,0
국가행정기관,경찰청,해남경찰서,경찰청 전라남도경찰청 해남경찰서,92,68,24,68,0,68,0,0
국가행정기관,경찰청,화순경찰서,경찰청 전라남도경찰청 화순경찰서,90,72,18,72,0,72,0,0
국가행정기관,경찰청,전라북도지방경찰청,경찰청 전라북도지방경찰청,1767,1499,268,1499,0,27,1472,0
국가행정기관,경찰청,고창경찰서,경찰청 전라북도지방경찰청 고창경찰서,95,77,18,77,0,77,0,0
국가행정기관,경찰청,군산경찰서,경찰청 전라북도지방경찰청 군산경찰서,148,109,39,109,0,109,0,0
국가행정기관,경찰청,김제경찰서,경찰청 전라북도지방경찰청 김제경찰서,104,84,20,84,0,84,0,0
국가행정기관,경찰청,남원경찰서,경찰청 전라북도지방경찰청 남원경찰서,156,117,39,117,0,117,0,0
국가행정기관,경찰청,무주경찰서,경찰청 전라북도지방경찰청 무주경찰서,73,51,22,51,0,51,0,0
국가행정기관,경찰청,부안경찰서,경찰청 전라북도지방경찰청 부안경찰서,97,82,15,82,0,82,0,0
국가행정기관,경찰청,순창경찰서,경찰청 전라북도지방경찰청 순창경찰서,100,92,8,92,0,92,0,0
국가행정기관,경찰청,완주경찰서,경찰청 전라북도지방경찰청 완주경찰서,95,3,92,3,0,3,0,0
국가행정기관,경찰청,익산경찰서,경찰청 전라북도지방경찰청 익산경찰서,204,146,58,146,0,146,0,0
국가행정기관,경찰청,임실경찰서,경찰청 전라북도지방경찰청 임실경찰서,68,60,8,60,0,60,0,0
국가행정기관,경찰청,장수경찰서,경찰청 전라북도지방경찰청 장수경찰서,78,67,11,67,0,67,0,0
국가행정기관,경찰청,전주덕진경찰서,경찰청 전라북도지방경찰청 전주덕진경찰서,165,113,52,113,0,113,0,0
국가행정기관,경찰청,전주완산경찰서,경찰청 전라북도지방경찰청 전주완산경찰서,190,139,51,139,0,139,0,0
국가행정기관,경찰청,정읍경찰서,경찰청 전라북도지방경찰청 정읍경찰서,150,121,29,121,0,121,0,0
국가행정기관,경찰청,진안경찰서,경찰청 전라북도지방경찰청 진안경찰서,69,60,9,60,0,60,0,0
국가행정기관,경찰청,제주특별자치도지방경찰청,경찰청 제주특별자치도지방경찰청,534,424,110,424,98,46,280,0
국가행정기관,경찰청,경찰특공대,경찰청 제주특별자치도지방경찰청 경찰특공대,18,0,18,0,0,0,0,0
국가행정기관,경찰청,서귀포경찰서,경찰청 제주특별자치도지방경찰청 서귀포경찰서,185,133,52,133,33,100,0,0
국가행정기관,경찰청,제주동부경찰서,경찰청 제주특별자치도지방경찰청 제주동부경찰서,189,110,79,110,3,107,0,0
국가행정기관,경찰청,제주서부경찰서,경찰청 제주특별자치도지방경찰청 제주서부경찰서,152,74,78,74,0,74,0,0
국가행정기관,경찰청,제주해안경비단,경찰청 제주특별자치도지방경찰청 제주해안경비단,193,0,193,0,0,0,0,0
국가행정기관,경찰청,중앙경찰학교,경찰청 중앙경찰학교,138,0,138,0,0,0,0,0
국가행정기관,경찰청,충청남도지방경찰청,경찰청 충청남도지방경찰청,2064,2012,52,2012,0,184,1828,0
국가행정기관,경찰청,공주경찰서,경찰청 충청남도지방경찰청 공주경찰서,92,76,16,76,0,76,0,0
국가행정기관,경찰청,금산경찰서,경찰청 충청남도지방경찰청 금산경찰서,104,79,25,79,0,79,0,0
국가행정기관,경찰청,논산경찰서,경찰청 충청남도지방경찰청 논산경찰서,95,76,19,76,0,76,0,0
국가행정기관,경찰청,당진경찰서,경찰청 충청남도지방경찰청 당진경찰서,104,64,40,64,0,64,0,0
국가행정기관,경찰청,보령경찰서,경찰청 충청남도지방경찰청 보령경찰서,135,109,26,109,0,109,0,0
국가행정기관,경찰청,부여경찰서,경찰청 충청남도지방경찰청 부여경찰서,75,65,10,65,0,65,0,0
국가행정기관,경찰청,서산경찰서,경찰청 충청남도지방경찰청 서산경찰서,152,110,42,110,0,110,0,0
국가행정기관,경찰청,서천경찰서,경찰청 충청남도지방경찰청 서천경찰서,109,89,20,89,0,89,0,0
국가행정기관,경찰청,아산경찰서,경찰청 충청남도지방경찰청 아산경찰서,180,94,86,94,14,80,0,0
국가행정기관,경찰청,예산경찰서,경찰청 충청남도지방경찰청 예산경찰서,92,72,20,72,0,72,0,0
국가행정기관,경찰청,천안동남경찰서,경찰청 충청남도지방경찰청 천안동남경찰서,168,131,37,131,0,131,0,0
국가행정기관,경찰청,천안서북경찰서,경찰청 충청남도지방경찰청 천안서북경찰서,175,125,50,125,0,125,0,0
국가행정기관,경찰청,청양경찰서,경찰청 충청남도지방경찰청 청양경찰서,69,53,16,53,0,53,0,0
국가행정기관,경찰청,태안경찰서,경찰청 충청남도지방경찰청 태안경찰서,116,95,21,95,0,95,0,0
국가행정기관,경찰청,홍성경찰서,경찰청 충청남도지방경찰청 홍성경찰서,68,39,29,39,0,39,0,0
국가행정기관,경찰청,충청북도경찰청,경찰청 충청북도경찰청,1196,1127,69,1127,0,219,908,0
국가행정기관,경찰청,괴산경찰서,경찰청 충청북도경찰청 괴산경찰서,102,77,25,77,7,70,0,0
국가행정기관,경찰청,단양경찰서,경찰청 충청북도경찰청 단양경찰서,56,42,14,42,0,42,0,0
국가행정기관,경찰청,보은경찰서,경찰청 충청북도경찰청 보은경찰서,70,54,16,54,6,48,0,0
국가행정기관,경찰청,영동경찰서,경찰청 충청북도경찰청 영동경찰서,74,48,26,48,0,48,0,0
국가행정기관,경찰청,옥천경찰서,경찰청 충청북도경찰청 옥천경찰서,70,55,15,55,0,55,0,0
국가행정기관,경찰청,음성경찰서,경찰청 충청북도경찰청 음성경찰서,81,59,22,59,0,59,0,0
국가행정기관,경찰청,제천경찰서,경찰청 충청북도경찰청 제천경찰서,150,121,29,121,10,111,0,0
국가행정기관,경찰청,진천경찰서,경찰청 충청북도경찰청 진천경찰서,115,47,68,47,5,42,0,0
국가행정기관,경찰청,청주상당경찰서,경찰청 충청북도경찰청 청주상당경찰서,152,92,60,92,0,92,0,0
국가행정기관,경찰청,청주청원경찰서,경찰청 충청북도경찰청 청주청원경찰서,136,75,61,75,0,75,0,0
국가행정기관,경찰청,청주흥덕경찰서,경찰청 충청북도경찰청 청주흥덕경찰서,122,57,65,57,0,57,0,0
국가행정기관,경찰청,충주경찰서,경찰청 충청북도경찰청 충주경찰서,154,122,32,122,18,104,0,0
